,method,posterior mean of treatment 0,treatment 0 lower bound (95%),treatment 0 upper bound (95%),posterior mean of treatment 0 (original data ),posterior mean of treatment 1,treatment 1 lower bound (95%),treatment 1 upper bound (95%),posterior mean of treatment 1 (original data )
0,mean_fill (global),2.036392354896582,2.0359023272273378,2.0368823825658264,2.0389143416429127,-0.023185347198023558,-0.023928953484228528,-0.022441740911818588,-0.021384369735772683
1,mean_fill (individual),2.0240752213027227,2.023584363140411,2.024566079465034,2.0389143416429127,-0.035076646541435504,-0.0357634780464801,-0.03438981503639091,-0.021384369735772683
2,tr_mean_fill (global),2.041396226975326,2.040894431806262,2.0418980221443896,2.0389143416429127,-0.04701114965912089,-0.04773233867809804,-0.04628996064014374,-0.021384369735772683
3,tr_mean_fill (individual),2.0367971367193825,2.036289568835908,2.0373047046028567,2.0389143416429127,-0.045470178671241784,-0.04611788618899808,-0.04482247115348549,-0.021384369735772683
4,KNN_fill,2.0347208992927404,2.0342249634166314,2.0352168351688493,2.0389143416429127,-0.03637119964415946,-0.03704401024998597,-0.03569838903833295,-0.021384369735772683
5,cluster_fill,2.0130919306580526,2.0125974146844,2.013586446631705,2.0389143416429127,-0.048050404244152724,-0.048756024581282024,-0.04734478390702342,-0.021384369735772683
6,DR_fill,2.0368246365473253,2.036322576191371,2.0373266969032797,2.0389143416429127,-0.048267191171176255,-0.04891960304628245,-0.04761477929607006,-0.021384369735772683
