,method,posterior mean of treatment 0,treatment 0 lower bound (95%),treatment 0 upper bound (95%),posterior mean of treatment 0 (original data ),posterior mean of treatment 1,treatment 1 lower bound (95%),treatment 1 upper bound (95%),posterior mean of treatment 1 (original data )
0,mean_fill (global),2.0401151307125156,2.0398301638885363,2.040400097536495,2.0389143416429127,-0.015926286298534226,-0.016247794065117765,-0.015604778531950688,-0.021384369735772683
1,mean_fill (individual),2.0292740667191524,2.0289881767209463,2.0295599567173586,2.0389143416429127,-0.019439839831908955,-0.019770359373073143,-0.019109320290744768,-0.021384369735772683
2,tr_mean_fill (global),2.0457607579746937,2.045476990328488,2.0460445256208994,2.0389143416429127,-0.02248801093116736,-0.022786742105920445,-0.022189279756414278,-0.021384369735772683
3,tr_mean_fill (individual),2.0413180109308913,2.04104025297837,2.0415957688834125,2.0389143416429127,-0.021699613293429638,-0.021985846342734885,-0.02141338024412439,-0.021384369735772683
4,KNN_fill,2.0421029817588408,2.0418159228968418,2.0423900406208397,2.0389143416429127,-0.02096336824773416,-0.021258410246392034,-0.020668326249076285,-0.021384369735772683
5,cluster_fill,2.0181508321083204,2.0178770289329595,2.018424635283681,2.0389143416429127,-0.024884845479724603,-0.02523434292803768,-0.024535348031411525,-0.021384369735772683
6,DR_fill,2.041640384306968,2.041359126478475,2.041921642135461,2.0389143416429127,-0.024761091592987904,-0.0250463189160807,-0.02447586426989511,-0.021384369735772683
