,method,posterior mean of treatment 0,treatment 0 lower bound (95%),treatment 0 upper bound (95%),posterior mean of treatment 0 (original data ),posterior mean of treatment 1,treatment 1 lower bound (95%),treatment 1 upper bound (95%),posterior mean of treatment 1 (original data )
0,mean_fill (global),2.042999254259299,2.0424107980066353,2.0435877105119626,2.0389143416429127,0.027805487377003023,0.026193409397189015,0.02941756535681703,-0.021384369735772683
1,mean_fill (individual),2.04034608037026,2.0397573490674317,2.0409348116730888,2.0389143416429127,0.0508664523762829,0.0493773141713326,0.0523555905812332,-0.021384369735772683
2,tr_mean_fill (global),2.045200336452414,2.044573797145883,2.045826875758945,2.0389143416429127,-0.020287006305782763,-0.021689992205853367,-0.01888402040571216,-0.021384369735772683
3,tr_mean_fill (individual),2.0430570301662376,2.0424360598770788,2.0436780004553965,2.0389143416429127,0.006784630954662656,0.005449825543464787,0.008119436365860525,-0.021384369735772683
4,KNN_fill,2.0395325326701625,2.038943190933541,2.040121874406784,2.0389143416429127,0.03496646350922265,0.03348065395157945,0.03645227306686585,-0.021384369735772683
5,cluster_fill,2.0268668519693174,2.026274340285465,2.0274593636531697,2.0389143416429127,-0.002981908239879933,-0.00447524968295819,-0.0014885667968016763,-0.021384369735772683
6,DR_fill,2.043090862993242,2.0424624819994492,2.043719243987035,2.0389143416429127,0.0017031703263265996,0.000375973118695428,0.003030367533957771,-0.021384369735772683
