,method,posterior mean of treatment 0,treatment 0 lower bound (95%),treatment 0 upper bound (95%),posterior mean of treatment 0 (original data ),posterior mean of treatment 1,treatment 1 lower bound (95%),treatment 1 upper bound (95%),posterior mean of treatment 1 (original data )
0,mean_fill (global),2.029215562187372,2.029023815186942,2.029407309187802,2.0163469359925177,-0.002475888738630819,-0.002691077133591632,-0.002260700343670006,-0.01279751799537301
1,mean_fill (individual),2.0197361154610918,2.0195524583067983,2.0199197726153852,2.0163469359925177,-0.011795780846438515,-0.011995590800744362,-0.011595970892132669,-0.01279751799537301
2,tr_mean_fill (global),2.031225324046733,2.0310279649674268,2.0314226831260394,2.0163469359925177,-0.017090112418674027,-0.017300529367161113,-0.01687969547018694,-0.01279751799537301
3,tr_mean_fill (individual),2.0262553700350163,2.0260699419602304,2.0264407981098023,2.0163469359925177,-0.016603463691980118,-0.016805706488644594,-0.016401220895315642,-0.01279751799537301
4,KNN_fill,2.025728795877384,2.025542906513391,2.0259146852413767,2.0163469359925177,-0.01342085953633176,-0.01360450640311203,-0.01323721266955149,-0.01279751799537301
5,cluster_fill,2.026138531464855,2.0259494151796997,2.02632764775001,2.0163469359925177,0.005765099726988892,0.0055605495801571096,0.005969649873820674,-0.01279751799537301
6,DR_fill,2.026098469031422,2.0259060899693933,2.0262908480934505,2.0163469359925177,-0.017484578977867662,-0.01767890112247068,-0.017290256833264645,-0.01279751799537301
