,method,posterior mean of treatment 0,treatment 0 lower bound (95%),treatment 0 upper bound (95%),posterior mean of treatment 0 (original data ),posterior mean of treatment 1,treatment 1 lower bound (95%),treatment 1 upper bound (95%),posterior mean of treatment 1 (original data )
0,mean_fill (global),2.0046209926843597,2.004136211448219,2.0051057739205005,2.0204329783524604,0.041437871006338,0.04034133786176092,0.042534404150915084,0.04429479721820669
1,mean_fill (individual),2.005804123898319,2.00532906043307,2.0062791873635684,2.0204329783524604,0.04877868446189062,0.047930910745377954,0.049626458178403283,0.04429479721820669
2,tr_mean_fill (global),2.0080948274273496,2.0076237895048576,2.0085658653498415,2.0204329783524604,0.02756939307833334,0.026534117260902365,0.028604668895764317,0.04429479721820669
3,tr_mean_fill (individual),2.0102438006807577,2.009759248212873,2.010728353148642,2.0204329783524604,0.02981757468358838,0.028987695583674793,0.030647453783501966,0.04429479721820669
4,KNN_fill,2.002024974985653,2.0015587998402067,2.0024911501310996,2.0204329783524604,0.07018626754407693,0.06923020162141952,0.07114233346673435,0.04429479721820669
5,cluster_fill,1.9917641844884444,1.9912954857370517,1.992232883239837,2.0204329783524604,0.02407913034674926,0.023192428908563482,0.024965831784935034,0.04429479721820669
6,DR_fill,2.008980069819144,2.0085013411827863,2.0094587984555017,2.0204329783524604,0.026092127518486684,0.025233241359505224,0.026951013677468143,0.04429479721820669
