,method,posterior mean of treatment 0,treatment 0 lower bound (95%),treatment 0 upper bound (95%),posterior mean of treatment 0 (original data ),posterior mean of treatment 1,treatment 1 lower bound (95%),treatment 1 upper bound (95%),posterior mean of treatment 1 (original data )
0,mean_fill (global),2.0113378761569134,2.010868072007655,2.011807680306172,2.0163469359925177,-0.026781117894805456,-0.027954659328506926,-0.025607576461103985,-0.01279751799537301
1,mean_fill (individual),2.004086579340411,2.0036144174708292,2.0045587412099923,2.0163469359925177,-0.03187021769960991,-0.03281693521030096,-0.030923500188918856,-0.01279751799537301
2,tr_mean_fill (global),2.013615112309494,2.0131480855265615,2.014082139092426,2.0163469359925177,-0.05253099101411345,-0.05368369514973187,-0.051378286878495036,-0.01279751799537301
3,tr_mean_fill (individual),2.006826498538578,2.006342104791844,2.0073108922853122,2.0163469359925177,-0.060194686322346466,-0.06106668003206691,-0.05932269261262602,-0.01279751799537301
4,KNN_fill,2.003027690123786,2.0025496869246346,2.0035056933229374,2.0163469359925177,-0.022540085392073493,-0.023501725121913893,-0.021578445662233093,-0.01279751799537301
5,cluster_fill,2.0101358440818404,2.0096824382188427,2.010589249944838,2.0163469359925177,0.046027131153880546,0.04504832615273,0.04700593615503109,-0.01279751799537301
6,DR_fill,2.008427883134814,2.0079535390926644,2.0089022271769634,2.0163469359925177,-0.05297508383776326,-0.053858642327559235,-0.05209152534796729,-0.01279751799537301
