,method,posterior mean of treatment 0,treatment 0 lower bound (95%),treatment 0 upper bound (95%),posterior mean of treatment 0 (original data ),posterior mean of treatment 1,treatment 1 lower bound (95%),treatment 1 upper bound (95%),posterior mean of treatment 1 (original data )
0,mean_fill (global),2.0071330022992404,2.0067747958730404,2.0074912087254404,2.0163469359925177,-0.015176717679264169,-0.01567643394202553,-0.014677001416502806,-0.01279751799537301
1,mean_fill (individual),2.0069998858053473,2.0066490368439283,2.0073507347667663,2.0163469359925177,-0.012921017132171411,-0.013374521269213919,-0.012467512995128903,-0.01279751799537301
2,tr_mean_fill (global),2.0106221270557842,2.0102504932130696,2.010993760898499,2.0163469359925177,-0.025789727936714614,-0.026250623353337717,-0.02532883252009151,-0.01279751799537301
3,tr_mean_fill (individual),2.0162036056390256,2.0158595300887927,2.0165476811892584,2.0163469359925177,-0.017495724261837587,-0.017937397973881372,-0.017054050549793802,-0.01279751799537301
4,KNN_fill,2.015032182940326,2.014684413531502,2.0153799523491505,2.0163469359925177,-0.015598285467678778,-0.0160458805186454,-0.015150690416712157,-0.01279751799537301
5,cluster_fill,2.0165537536822677,2.016213143416206,2.0168943639483294,2.0163469359925177,0.020430425616309176,0.01994490148886851,0.020915949743749843,-0.01279751799537301
6,DR_fill,2.0162082746211714,2.015853302682071,2.016563246560272,2.0163469359925177,-0.01916480229068548,-0.019623313170264355,-0.018706291411106607,-0.01279751799537301
