,method,posterior mean of treatment 0,treatment 0 lower bound (95%),treatment 0 upper bound (95%),posterior mean of treatment 0 (original data ),posterior mean of treatment 1,treatment 1 lower bound (95%),treatment 1 upper bound (95%),posterior mean of treatment 1 (original data )
0,mean_fill (global),1.9608140477912879,1.9604386082094318,1.961189487373144,1.9769024920405023,-0.06980847370285855,-0.0704510351092934,-0.06916591229642369,-0.0641282110188639
1,mean_fill (individual),1.9531933893670712,1.9528368866726011,1.9535498920615413,1.9769024920405023,-0.0797126794974069,-0.08041263713261,-0.0790127218622038,-0.0641282110188639
2,tr_mean_fill (global),1.971507327835305,1.9710973151765827,1.9719173404940273,1.9769024920405023,-0.08100230819165585,-0.08154677194543221,-0.0804578444378795,-0.0641282110188639
3,tr_mean_fill (individual),1.9708335609846825,1.97044957028087,1.971217551688495,1.9769024920405023,-0.07800750362999542,-0.0786181606250222,-0.07739684663496865,-0.0641282110188639
4,KNN_fill,1.9636856041600401,1.9633039800533636,1.9640672282667166,1.9769024920405023,-0.07835633224410964,-0.07904460363193605,-0.07766806085628322,-0.0641282110188639
5,cluster_fill,1.940400981674236,1.9400503101565334,1.9407516531919387,1.9769024920405023,-0.08040255574660009,-0.08116750100724336,-0.07963761048595681,-0.0641282110188639
6,DR_fill,1.971255224879069,1.9708532409194395,1.9716572088386983,1.9769024920405023,-0.08038048843502982,-0.0809377466482412,-0.07982323022181843,-0.0641282110188639
