,method,posterior mean of treatment 0,treatment 0 lower bound (95%),treatment 0 upper bound (95%),posterior mean of treatment 0 (original data ),posterior mean of treatment 1,treatment 1 lower bound (95%),treatment 1 upper bound (95%),posterior mean of treatment 1 (original data )
0,mean_fill (global),2.0007645052602276,2.0003974672696714,2.001131543250784,2.000677933456143,0.1228581826750962,0.12217948278235179,0.12353688256784061,0.10634291352593042
1,mean_fill (individual),2.0091790199234185,2.008809240382161,2.009548799464676,2.000677933456143,0.10237864189912012,0.10174791226294105,0.10300937153529918,0.10634291352593042
2,tr_mean_fill (global),2.009060059301176,2.008663276976421,2.0094568416259304,2.000677933456143,0.10246010154375236,0.1018394061166308,0.10308079697087393,0.10634291352593042
3,tr_mean_fill (individual),2.0105813144411018,2.0102245270845134,2.01093810179769,2.000677933456143,0.1069521050563578,0.10628053120421707,0.10762367890849853,0.10634291352593042
4,KNN_fill,2.007079363950451,2.00669151241484,2.0074672154860624,2.000677933456143,0.10306596795689166,0.10241302508497378,0.10371891082880953,0.10634291352593042
5,cluster_fill,2.001115376850065,2.0007527167632824,2.0014780369368474,2.000677933456143,0.1227619036799274,0.12207866389558594,0.12344514346426885,0.10634291352593042
6,DR_fill,2.0097119232658014,2.0093295930908046,2.010094253440798,2.000677933456143,0.10251680748800704,0.10185805574946255,0.10317555922655153,0.10634291352593042
