,method,posterior mean of treatment 0,treatment 0 lower bound (95%),treatment 0 upper bound (95%),posterior mean of treatment 0 (original data ),posterior mean of treatment 1,treatment 1 lower bound (95%),treatment 1 upper bound (95%),posterior mean of treatment 1 (original data )
0,mean_fill (global),1.9595417166072104,1.958912077134873,1.960171356079548,1.9769024920405023,-0.07788116112871896,-0.0791250646899319,-0.07663725756750601,-0.0641282110188639
1,mean_fill (individual),1.9547940220964088,1.9541700819652637,1.955417962227554,1.9769024920405023,-0.12765745387823074,-0.12888980822734397,-0.1264250995291175,-0.0641282110188639
2,tr_mean_fill (global),1.965160675911448,1.9644878461504016,1.9658335056724943,1.9769024920405023,-0.14838677256579352,-0.14944027584140568,-0.14733326929018137,-0.0641282110188639
3,tr_mean_fill (individual),1.959451730563029,1.9587920000704944,1.9601114610555637,1.9769024920405023,-0.15750421867273934,-0.15860535257482086,-0.1564030847706578,-0.0641282110188639
4,KNN_fill,1.963610751894451,1.9629738106481416,1.9642476931407604,1.9769024920405023,-0.130510152089065,-0.13163368423784264,-0.12938661994028736,-0.0641282110188639
5,cluster_fill,1.9549033999608256,1.9542438845963037,1.9555629153253475,1.9769024920405023,-0.14900970690613025,-0.15003292829327258,-0.1479864855189879,-0.0641282110188639
6,DR_fill,1.9642836539477848,1.9636105660810155,1.9649567418145542,1.9769024920405023,-0.14693507678625853,-0.1479904856195787,-0.14587966795293836,-0.0641282110188639
