,method,posterior mean of treatment 0,treatment 0 lower bound (95%),treatment 0 upper bound (95%),posterior mean of treatment 0 (original data ),posterior mean of treatment 1,treatment 1 lower bound (95%),treatment 1 upper bound (95%),posterior mean of treatment 1 (original data )
0,mean_fill (global),1.9750180042942707,1.9741843326051316,1.9758516759834097,1.9769024920405023,-0.07634966556225976,-0.07815272248101728,-0.07454660864350225,-0.0641282110188639
1,mean_fill (individual),1.9750222365766494,1.9742367564588736,1.9758077166944252,1.9769024920405023,-0.0757395083641186,-0.07754064072332932,-0.07393837600490787,-0.0641282110188639
2,tr_mean_fill (global),1.9843498018992787,1.9834982579847118,1.9852013458138456,1.9769024920405023,-0.13305700646343882,-0.13456314284091403,-0.1315508700859636,-0.0641282110188639
3,tr_mean_fill (individual),1.9846338942282733,1.983802534052253,1.9854652544042937,1.9769024920405023,-0.13292759057573447,-0.13444392649707224,-0.1314112546543967,-0.0641282110188639
4,KNN_fill,1.9699994231672295,1.9692381544503226,1.9707606918841365,1.9769024920405023,-0.0673957413165217,-0.06929119757783607,-0.06550028505520734,-0.0641282110188639
5,cluster_fill,1.9837462162249395,1.9829575314500887,1.9845349009997904,1.9769024920405023,-0.05085741305432599,-0.05273162330146634,-0.04898320280718564,-0.0641282110188639
6,DR_fill,1.9832510823437712,1.9824139855444636,1.984088179143079,1.9769024920405023,-0.1287641351801916,-0.13023958707992608,-0.12728868328045714,-0.0641282110188639
