,method,posterior mean of treatment 0,treatment 0 lower bound (95%),treatment 0 upper bound (95%),posterior mean of treatment 0 (original data ),posterior mean of treatment 1,treatment 1 lower bound (95%),treatment 1 upper bound (95%),posterior mean of treatment 1 (original data )
0,mean_fill (global),1.9692391880851756,1.9684920950449893,1.969986281125362,1.9769024920405023,-0.10021092596834501,-0.10164519472086299,-0.09877665721582703,-0.0641282110188639
1,mean_fill (individual),1.9614025950012806,1.9606709049391886,1.9621342850633725,1.9769024920405023,-0.14041208297156757,-0.14189624530915781,-0.13892792063397733,-0.0641282110188639
2,tr_mean_fill (global),1.9777684249002605,1.9769847156250617,1.9785521341754593,1.9769024920405023,-0.15186968700941864,-0.15305913800755538,-0.1506802360112819,-0.0641282110188639
3,tr_mean_fill (individual),1.9778979423973388,1.9771389557479302,1.9786569290467475,1.9769024920405023,-0.15637711484172426,-0.157541084255051,-0.1552131454283975,-0.0641282110188639
4,KNN_fill,1.9703497364986493,1.9695825129534998,1.9711169600437988,1.9769024920405023,-0.1401158909557389,-0.1414082436149079,-0.1388235382965699,-0.0641282110188639
5,cluster_fill,1.9789079266036733,1.9781847694658878,1.9796310837414588,1.9769024920405023,-0.07180498731028949,-0.07328183922818998,-0.070328135392389,-0.0641282110188639
6,DR_fill,1.9767904004296222,1.9760280821825131,1.9775527186767312,1.9769024920405023,-0.14856723748444242,-0.14976648007196625,-0.1473679948969186,-0.0641282110188639
