,method,posterior mean of treatment 0,treatment 0 lower bound (95%),treatment 0 upper bound (95%),posterior mean of treatment 0 (original data ),posterior mean of treatment 1,treatment 1 lower bound (95%),treatment 1 upper bound (95%),posterior mean of treatment 1 (original data )
0,mean_fill (global),1.9614812224642444,1.960959796815096,1.9620026481133928,1.9769024920405023,-0.06903619312223937,-0.06987952793046522,-0.06819285831401352,-0.0641282110188639
1,mean_fill (individual),1.9541248577000687,1.9536096183790965,1.954640097021041,1.9769024920405023,-0.07841682588518341,-0.0793446185809033,-0.07748903318946351,-0.0641282110188639
2,tr_mean_fill (global),1.9716350909535993,1.9710880446141064,1.9721821372930923,1.9769024920405023,-0.07948671228592166,-0.08024701187907964,-0.07872641269276369,-0.0641282110188639
3,tr_mean_fill (individual),1.971141189107151,1.9705671797348308,1.9717151984794714,1.9769024920405023,-0.07740448087167724,-0.07815795228432415,-0.07665100945903033,-0.0641282110188639
4,KNN_fill,1.9649162240234068,1.9643889167172797,1.965443531329534,1.9769024920405023,-0.07654648346829829,-0.07743141527013912,-0.07566155166645745,-0.0641282110188639
5,cluster_fill,1.9412908071970771,1.940799045342739,1.9417825690514152,1.9769024920405023,-0.0782436629355168,-0.07922625163038273,-0.07726107424065086,-0.0641282110188639
6,DR_fill,1.9711687522737744,1.9706110916587265,1.9717264128888223,1.9769024920405023,-0.07934750738103104,-0.08006975103963687,-0.0786252637224252,-0.0641282110188639
