,method,posterior mean of treatment 0,treatment 0 lower bound (95%),treatment 0 upper bound (95%),posterior mean of treatment 0 (original data ),posterior mean of treatment 1,treatment 1 lower bound (95%),treatment 1 upper bound (95%),posterior mean of treatment 1 (original data )
0,mean_fill (global),2.0103293648150795,2.009793140215933,2.010865589414226,2.0094289978614435,0.0032370981215279694,0.0022352926409379484,0.0042389036021179905,0.015019089865282904
1,mean_fill (individual),2.006256194926294,2.0057545823226954,2.006757807529892,2.0094289978614435,0.012447886469229289,0.011692695342270663,0.013203077596187916,0.015019089865282904
2,tr_mean_fill (global),2.0138067848189416,2.0132674247623568,2.0143461448755264,2.0094289978614435,-0.009301570415697093,-0.010231515903037133,-0.008371624928357054,0.015019089865282904
3,tr_mean_fill (individual),2.010111046347354,2.0095917469747246,2.0106303457199837,2.0094289978614435,-0.00011304749981649168,-0.0008473856766943915,0.0006212906770614081,0.015019089865282904
4,KNN_fill,2.0058272582323187,2.005292651603347,2.00636186486129,2.0094289978614435,0.011125350916102634,0.010393665031083825,0.011857036801121443,0.015019089865282904
5,cluster_fill,1.9801647012514612,1.9796466387012366,1.9806827638016857,2.0094289978614435,0.001242978373084044,0.0004856229345557916,0.0020003338116122964,0.015019089865282904
6,DR_fill,2.0103889813663374,2.0098663263290995,2.0109116364035753,2.0094289978614435,-0.00331829549055156,-0.004057199973196937,-0.002579391007906183,0.015019089865282904
