,method,posterior mean of treatment 0,treatment 0 lower bound (95%),treatment 0 upper bound (95%),posterior mean of treatment 0 (original data ),posterior mean of treatment 1,treatment 1 lower bound (95%),treatment 1 upper bound (95%),posterior mean of treatment 1 (original data )
0,mean_fill (global),2.009977128604424,2.009607128589247,2.010347128619601,2.01098672891596,-0.07211006179663079,-0.07251626546907101,-0.07170385812419057,-0.06802491756011107
1,mean_fill (individual),2.0027742459180153,2.0024390187656826,2.003109473070348,2.01098672891596,-0.0724783293624903,-0.07280708007655515,-0.07214957864842544,-0.06802491756011107
2,tr_mean_fill (global),2.0133623493034527,2.0129959367603254,2.01372876184658,2.01098672891596,-0.07202919527885429,-0.0724216832949746,-0.07163670726273398,-0.06802491756011107
3,tr_mean_fill (individual),2.0161593523254298,2.0158201587761253,2.016498545874734,2.01098672891596,-0.07692376243934189,-0.07724629900017743,-0.07660122587850635,-0.06802491756011107
4,KNN_fill,2.013824775692896,2.0134810068934557,2.0141685444923367,2.01098672891596,-0.07719878529445437,-0.07753764842495871,-0.07685992216395003,-0.06802491756011107
5,cluster_fill,2.015587943324317,2.015251957237734,2.0159239294108997,2.01098672891596,-0.05692922657952772,-0.05726888101325785,-0.05658957214579759,-0.06802491756011107
6,DR_fill,2.015397540427179,2.0150583917178637,2.0157366891364945,2.01098672891596,-0.07747685517978266,-0.07780809090883074,-0.07714561945073457,-0.06802491756011107
