,method,posterior mean of treatment 0,treatment 0 lower bound (95%),treatment 0 upper bound (95%),posterior mean of treatment 0 (original data ),posterior mean of treatment 1,treatment 1 lower bound (95%),treatment 1 upper bound (95%),posterior mean of treatment 1 (original data )
0,mean_fill (global),1.9980050387318342,1.9975107931782374,1.998499284285431,2.01098672891596,-0.05535954463554598,-0.05677665381389881,-0.05394243545719315,-0.06802491756011107
1,mean_fill (individual),1.9984906964776752,1.9980295231462675,1.998951869809083,2.01098672891596,-0.047203936892688245,-0.048164529009779994,-0.046243344775596495,-0.06802491756011107
2,tr_mean_fill (global),2.001363426031671,2.000881703478707,2.0018451485846347,2.01098672891596,-0.07066265210429157,-0.07197500763317986,-0.06935029657540327,-0.06802491756011107
3,tr_mean_fill (individual),2.0023147544742876,2.0018316322296377,2.0027978767189376,2.01098672891596,-0.06318092759083807,-0.06412593505829889,-0.06223592012337725,-0.06802491756011107
4,KNN_fill,2.0002907616277663,1.9997932321389071,2.0007882911166255,2.01098672891596,-0.04408096627674679,-0.045118153491265016,-0.04304377906222857,-0.06802491756011107
5,cluster_fill,2.003676998764255,2.0032194511669372,2.0041345463615725,2.01098672891596,0.0401964437408848,0.039181541125406116,0.04121134635636349,-0.06802491756011107
6,DR_fill,2.0030364452214675,2.002548827023913,2.003524063419022,2.01098672891596,-0.06751799389089698,-0.06846033406911525,-0.0665756537126787,-0.06802491756011107
