,method,posterior mean of treatment 0,treatment 0 lower bound (95%),treatment 0 upper bound (95%),posterior mean of treatment 0 (original data ),posterior mean of treatment 1,treatment 1 lower bound (95%),treatment 1 upper bound (95%),posterior mean of treatment 1 (original data )
0,mean_fill (global),2.011458562067605,2.011276681432244,2.011640442702966,2.01098672891596,-0.07508711642113713,-0.07527820736419218,-0.07489602547808209,-0.06802491756011107
1,mean_fill (individual),2.011183525059681,2.0110193266789524,2.0113477234404096,2.01098672891596,-0.07444497563371408,-0.07463042109143252,-0.07425953017599564,-0.06802491756011107
2,tr_mean_fill (global),2.013662629870288,2.0134816675110367,2.0138435922295392,2.01098672891596,-0.0750852501248226,-0.0752787032928916,-0.0748917969567536,-0.06802491756011107
3,tr_mean_fill (individual),2.018151210592126,2.0179784981189783,2.0183239230652736,2.01098672891596,-0.07417068228639341,-0.07435959181494231,-0.07398177275784451,-0.06802491756011107
4,KNN_fill,2.019281566731533,2.0191124856820895,2.019450647780977,2.01098672891596,-0.0731814299400499,-0.07335289798513409,-0.07300996189496572,-0.06802491756011107
5,cluster_fill,2.017561374353689,2.017391533300804,2.0177312154065743,2.01098672891596,-0.06438955886698561,-0.06457485847826379,-0.06420425925570743,-0.06802491756011107
6,DR_fill,2.017719539455049,2.0175510308668128,2.0178880480432855,2.01098672891596,-0.0740005230919316,-0.07417935130262525,-0.07382169488123795,-0.06802491756011107
