,method,posterior mean of treatment 0,treatment 0 lower bound (95%),treatment 0 upper bound (95%),posterior mean of treatment 0 (original data ),posterior mean of treatment 1,treatment 1 lower bound (95%),treatment 1 upper bound (95%),posterior mean of treatment 1 (original data )
0,mean_fill (global),2.0143976441611984,2.0141641940020287,2.014631094320368,2.0136528761078654,-0.06130814486336026,-0.06157196219125566,-0.06104432753546486,-0.08149016491863743
1,mean_fill (individual),1.9981545292203333,1.9979309654142399,1.9983780930264268,2.0136528761078654,-0.0642563194116007,-0.06449737314313032,-0.06401526568007108,-0.08149016491863743
2,tr_mean_fill (global),2.0164770799423595,2.0162481532043723,2.0167060066803466,2.0136528761078654,-0.06711559596287897,-0.06736629514124089,-0.06686489678451706,-0.08149016491863743
3,tr_mean_fill (individual),2.0065916383205344,2.006370638765105,2.006812637875964,2.0136528761078654,-0.06450912787044123,-0.06473887626189619,-0.06427937947898628,-0.08149016491863743
4,KNN_fill,2.008361945219145,2.0081353741712515,2.0085885162670385,2.0136528761078654,-0.06582360169652554,-0.06606750160834207,-0.06557970178470901,-0.08149016491863743
5,cluster_fill,2.006262363623913,2.0060341804305617,2.0064905468172647,2.0136528761078654,-0.0599424953780703,-0.06018606611699509,-0.059698924639145515,-0.08149016491863743
6,DR_fill,2.0060685780514986,2.0058388949562787,2.0062982611467186,2.0136528761078654,-0.06747753413164952,-0.06770675444463044,-0.0672483138186686,-0.08149016491863743
