,method,posterior mean of treatment 0,treatment 0 lower bound (95%),treatment 0 upper bound (95%),posterior mean of treatment 0 (original data ),posterior mean of treatment 1,treatment 1 lower bound (95%),treatment 1 upper bound (95%),posterior mean of treatment 1 (original data )
0,mean_fill (global),2.011641708185688,2.0112057980352347,2.012077618336141,2.0233142564778177,-0.015928069921035924,-0.016548581535604425,-0.015307558306467423,-0.0027715952580680313
1,mean_fill (individual),2.0022762574255624,2.0018586541957863,2.0026938606553384,2.0233142564778177,-0.014593542205300252,-0.015099549786441818,-0.014087534624158685,-0.0027715952580680313
2,tr_mean_fill (global),2.0158799241295338,2.0154421008513834,2.016317747407684,2.0233142564778177,-0.016248685717101023,-0.01684518509083746,-0.015652186343364585,-0.0027715952580680313
3,tr_mean_fill (individual),2.016148339461092,2.0157356734645098,2.016561005457674,2.0233142564778177,-0.015747862780493734,-0.016204073368206697,-0.015291652192780768,-0.0027715952580680313
4,KNN_fill,2.0160436798571633,2.0156169675661197,2.016470392148207,2.0233142564778177,-0.012136650917466374,-0.012594703037670945,-0.011678598797261804,-0.0027715952580680313
5,cluster_fill,1.9963662695043163,1.9959460470998653,1.9967864919087672,2.0233142564778177,-0.02013823736116147,-0.020631477737116564,-0.019644996985206373,-0.0027715952580680313
6,DR_fill,2.0163887036902044,2.015944332932093,2.0168330744483156,2.0233142564778177,-0.01987972691363843,-0.02033665754259209,-0.019422796284684768,-0.0027715952580680313
