,method,posterior mean of treatment 0,treatment 0 lower bound (95%),treatment 0 upper bound (95%),posterior mean of treatment 0 (original data ),posterior mean of treatment 1,treatment 1 lower bound (95%),treatment 1 upper bound (95%),posterior mean of treatment 1 (original data )
0,mean_fill (global),2.0048336280762955,2.004303825171159,2.005363430981432,2.0136528761078654,-0.07649639043212272,-0.07827969276855844,-0.07471308809568701,-0.08149016491863743
1,mean_fill (individual),2.00531226503598,2.0047929156777458,2.005831614394214,2.0136528761078654,-0.028279860284027136,-0.02970692770722112,-0.02685279286083315,-0.08149016491863743
2,tr_mean_fill (global),2.0060378167901716,2.0054719137187473,2.006603719861596,2.0136528761078654,-0.11310234784644205,-0.11461893759715978,-0.11158575809572431,-0.08149016491863743
3,tr_mean_fill (individual),2.006460787012842,2.0059431526376335,2.006978421388051,2.0136528761078654,-0.06014180554484435,-0.061529320393591325,-0.058754290696097375,-0.08149016491863743
4,KNN_fill,2.0046218951018058,2.004100490416803,2.0051432997868086,2.0136528761078654,-0.014851810369178015,-0.016294006100062246,-0.013409614638293783,-0.08149016491863743
5,cluster_fill,1.996991388861799,1.9964678900784492,1.9975148876451487,2.0136528761078654,-0.08825665048473497,-0.08957971686179275,-0.08693358410767718,-0.08149016491863743
6,DR_fill,2.0071639533507613,2.006626027912276,2.0077018787892467,2.0136528761078654,-0.08409569107344303,-0.08544484773189144,-0.08274653441499462,-0.08149016491863743
