,method,posterior mean of treatment 0,treatment 0 lower bound (95%),treatment 0 upper bound (95%),posterior mean of treatment 0 (original data ),posterior mean of treatment 1,treatment 1 lower bound (95%),treatment 1 upper bound (95%),posterior mean of treatment 1 (original data )
0,mean_fill (global),2.018937969155006,2.018698417184605,2.0191775211254064,2.0233142564778177,-0.0024492537618512654,-0.002644262846853261,-0.0022542446768492696,-0.0027715952580680313
1,mean_fill (individual),2.012017497697953,2.0117892521525804,2.012245743243325,2.0233142564778177,-0.0003700387005341577,-0.0005687435367901594,-0.00017133386427815593,-0.0027715952580680313
2,tr_mean_fill (global),2.0216509780783385,2.0214164707124858,2.021885485444191,2.0233142564778177,-0.0025095923584921654,-0.002715653641231388,-0.0023035310757529427,-0.0027715952580680313
3,tr_mean_fill (individual),2.022612151211078,2.0223823105471532,2.0228419918750027,2.0233142564778177,-0.0004338339026486308,-0.000620199293584363,-0.00024746851171289865,-0.0027715952580680313
4,KNN_fill,2.0259468459470176,2.0257149125076688,2.0261787793863664,2.0233142564778177,0.0001515491314676727,-4.0023363749182935e-05,0.0003431216266845283,-0.0027715952580680313
5,cluster_fill,2.0226629744939753,2.0224303805388346,2.022895568449116,2.0233142564778177,-0.002450859833289196,-0.0026403382244849895,-0.0022613814420934025,-0.0027715952580680313
6,DR_fill,2.0223884367414326,2.0221548688992983,2.022622004583567,2.0233142564778177,-0.002293825155920812,-0.002490526619293311,-0.002097123692548313,-0.0027715952580680313
