,method,posterior mean of treatment 0,treatment 0 lower bound (95%),treatment 0 upper bound (95%),posterior mean of treatment 0 (original data ),posterior mean of treatment 1,treatment 1 lower bound (95%),treatment 1 upper bound (95%),posterior mean of treatment 1 (original data )
0,mean_fill (global),2.006382537754198,2.005954156912869,2.006810918595527,2.0136528761078654,-0.05037942076944303,-0.05108623090860272,-0.049672610630283345,-0.08149016491863743
1,mean_fill (individual),1.9968425390686584,1.9964405083026815,1.9972445698346353,2.0136528761078654,-0.05068627039030024,-0.05132492712658493,-0.050047613654015555,-0.08149016491863743
2,tr_mean_fill (global),2.010175566525689,2.0097507462744537,2.010600386776924,2.0136528761078654,-0.06067517120449189,-0.0613289179992108,-0.060021424409772976,-0.08149016491863743
3,tr_mean_fill (individual),2.010012834624363,2.0096097526931493,2.010415916555577,2.0136528761078654,-0.05872355342537296,-0.059334856225566716,-0.0581122506251792,-0.08149016491863743
4,KNN_fill,2.009736843511326,2.0093265796975914,2.0101471073250603,2.0136528761078654,-0.05361961404916238,-0.05422265757673301,-0.05301657052159175,-0.08149016491863743
5,cluster_fill,2.0117449806808456,2.0113240430685138,2.0121659182931775,2.0136528761078654,-0.061054656325003426,-0.06161002769312502,-0.06049928495688183,-0.08149016491863743
6,DR_fill,2.0117034555967086,2.0112876196120935,2.0121192915813237,2.0136528761078654,-0.06143587936660725,-0.06196980220727859,-0.06090195652593591,-0.08149016491863743
