,method,posterior mean of treatment 0,treatment 0 lower bound (95%),treatment 0 upper bound (95%),posterior mean of treatment 0 (original data ),posterior mean of treatment 1,treatment 1 lower bound (95%),treatment 1 upper bound (95%),posterior mean of treatment 1 (original data )
0,mean_fill (global),2.0162923625123055,2.0162923625123055,2.0162923625123055,2.0233142564778177,-0.0048656640687258085,-0.0048656640687258085,-0.0048656640687258085,-0.0027715952580680313
1,mean_fill (individual),2.0147809647380552,2.0147809647380552,2.0147809647380552,2.0233142564778177,-0.003345962364294228,-0.003345962364294228,-0.003345962364294228,-0.0027715952580680313
2,tr_mean_fill (global),2.0188004148817495,2.0188004148817495,2.0188004148817495,2.0233142564778177,-0.0048656640687258085,-0.0048656640687258085,-0.0048656640687258085,-0.0027715952580680313
3,tr_mean_fill (individual),2.0238497225072942,2.0238497225072942,2.0238497225072942,2.0233142564778177,-0.003345962364294228,-0.003345962364294228,-0.003345962364294228,-0.0027715952580680313
4,KNN_fill,2.0243847243604582,2.0243847243604582,2.0243847243604582,2.0233142564778177,-5.3233243855750456e-05,-5.3233243855750456e-05,-5.3233243855750456e-05,-0.0027715952580680313
5,cluster_fill,2.0242482122348413,2.0242482122348413,2.0242482122348413,2.0233142564778177,-0.00489907347299255,-0.00489907347299255,-0.00489907347299255,-0.0027715952580680313
6,DR_fill,2.024140403291838,2.024140403291838,2.024140403291838,2.0233142564778177,-0.00475783269192957,-0.00475783269192957,-0.00475783269192957,-0.0027715952580680313
