,method,posterior mean of treatment 0,treatment 0 lower bound (95%),treatment 0 upper bound (95%),posterior mean of treatment 0 (original data ),posterior mean of treatment 1,treatment 1 lower bound (95%),treatment 1 upper bound (95%),posterior mean of treatment 1 (original data )
0,mean_fill (global),2.0116743340943937,2.011133041687386,2.0122156265014013,2.0233142564778177,-0.04667648495389892,-0.04822276134875011,-0.04513020855904774,-0.0027715952580680313
1,mean_fill (individual),2.0183027336723245,2.0177642474311974,2.0188412199134516,2.0233142564778177,-0.040191595321167554,-0.04140550053763606,-0.03897769010469905,-0.0027715952580680313
2,tr_mean_fill (global),2.0147940098619297,2.0142403033040557,2.0153477164198037,2.0233142564778177,-0.06197931351289699,-0.06343093231868377,-0.06052769470711022,-0.0027715952580680313
3,tr_mean_fill (individual),2.021654403999144,2.0211344592469924,2.022174348751296,2.0233142564778177,-0.056114705259289105,-0.05727945605085468,-0.05494995446772353,-0.0027715952580680313
4,KNN_fill,2.0163951889501455,2.01585835738276,2.016932020517531,2.0233142564778177,-0.030929124014462656,-0.03219687624155998,-0.02966137178736533,-0.0027715952580680313
5,cluster_fill,2.0071793604791184,2.0066429976949602,2.0077157232632765,2.0233142564778177,0.0012642876702220575,-3.029404659735959e-05,0.0025588693870414745,-0.0027715952580680313
6,DR_fill,2.0190392683013325,2.0184874151109886,2.0195911214916764,2.0233142564778177,-0.05249754877990322,-0.053737723071646676,-0.05125737448815977,-0.0027715952580680313
