,method,posterior mean of treatment 0,treatment 0 lower bound (95%),treatment 0 upper bound (95%),posterior mean of treatment 0 (original data ),posterior mean of treatment 1,treatment 1 lower bound (95%),treatment 1 upper bound (95%),posterior mean of treatment 1 (original data )
0,mean_fill (global),1.9744102191247301,1.980666643566367,1.9823336470237816,1.9769024920405023,-0.07787693904096384,-0.12860549530192106,-0.12556303489702686,-0.0641282110188639
1,mean_fill (individual),1.9748678042157826,1.980666643566367,1.9823336470237816,1.9769024920405023,-0.07575047272281714,-0.12860549530192106,-0.12556303489702686,-0.0641282110188639
2,tr_mean_fill (global),1.9839522336571,1.980666643566367,1.9823336470237816,1.9769024920405023,-0.13466698177614234,-0.12860549530192106,-0.12556303489702686,-0.0641282110188639
3,tr_mean_fill (individual),1.9838154015588076,1.980666643566367,1.9823336470237816,1.9769024920405023,-0.13266286758038234,-0.12860549530192106,-0.12556303489702686,-0.0641282110188639
4,KNN_fill,1.9707994209008286,1.980666643566367,1.9823336470237816,1.9769024920405023,-0.06531591780469954,-0.12860549530192106,-0.12556303489702686,-0.0641282110188639
5,cluster_fill,1.9836982574696962,1.980666643566367,1.9823336470237816,1.9769024920405023,-0.04978183346522104,-0.12860549530192106,-0.12556303489702686,-0.0641282110188639
6,DR_fill,1.9815001452950742,1.980666643566367,1.9823336470237816,1.9769024920405023,-0.12708426509947396,-0.12860549530192106,-0.12556303489702686,-0.0641282110188639
